engine,mda_frame,mda_time_ps,pocket_atom_count_6p5A,frame,time_ps,time_ns,C4_O1_A,RS_label
gromacs_full,0,0.0,25,0,0.0,0.0,4.362784385681152,R-like
gromacs_full,1,5.0,27,1,5.0,0.005,4.423764228820801,R-like
gromacs_full,2,10.0,29,2,10.0,0.01,4.655547618865967,R-like
gromacs_full,3,15.0,31,3,15.0,0.015,4.349964618682861,R-like
gromacs_full,4,20.0,32,4,20.0,0.02,4.6961822509765625,R-like
gromacs_full,5,25.0,28,5,25.0,0.025,4.648458957672119,R-like
gromacs_full,6,30.0,31,6,30.0,0.03,4.614651679992676,R-like
gromacs_full,7,35.0,30,7,35.0,0.035,4.642251014709473,R-like
gromacs_full,8,40.0,36,8,40.0,0.04,4.539228916168213,R-like
gromacs_full,9,45.0,25,9,45.0,0.045,4.646568298339844,R-like
gromacs_full,10,50.0,30,10,50.0,0.05,4.557915210723877,R-like
gromacs_full,11,55.0,24,11,55.0,0.055,4.300108909606934,R-like
gromacs_full,12,60.0,31,12,60.0,0.06,4.65317440032959,S-like
gromacs_full,13,65.0,31,13,65.0,0.065,4.578349113464356,R-like
gromacs_full,14,70.0,21,14,70.0,0.07,4.310695171356201,R-like
gromacs_full,15,75.0,25,15,75.0,0.075,4.4434332847595215,R-like
gromacs_full,16,80.0,26,16,80.0,0.08,4.24078893661499,R-like
gromacs_full,17,85.0,26,17,85.0,0.085,4.377336025238037,R-like
gromacs_full,18,90.0,28,18,90.0,0.09,4.23761796951294,R-like
gromacs_full,19,95.0,26,19,95.0,0.095,4.300477981567383,R-like
gromacs_full,20,100.0,24,20,100.0,0.1,4.435223579406738,R-like
gromacs_full,21,105.0,27,21,105.0,0.105,4.358785629272461,S-like
gromacs_full,22,110.0,20,22,110.0,0.11,4.2378997802734375,R-like
gromacs_full,23,115.0,26,23,115.0,0.115,4.19959831237793,R-like
gromacs_full,24,120.0,23,24,120.0,0.12,4.33112096786499,R-like
gromacs_full,25,125.0,23,25,125.0,0.125,4.139179229736328,R-like
gromacs_full,26,130.0,29,26,130.0,0.13,4.242331504821777,R-like
gromacs_full,27,135.0,23,27,135.0,0.135,4.298058986663818,R-like
gromacs_full,28,140.0,27,28,140.0,0.14,4.286211490631104,R-like
gromacs_full,29,145.0,28,29,145.0,0.145,4.21181583404541,S-like
gromacs_full,30,150.0,26,30,150.0,0.15,4.302316665649414,S-like
gromacs_full,31,155.0,21,31,155.0,0.155,4.403319358825684,R-like
gromacs_full,32,160.0,27,32,160.0,0.16,4.495045185089111,S-like
gromacs_full,33,165.0,24,33,165.0,0.165,4.339282035827637,R-like
gromacs_full,34,170.0,22,34,170.0,0.17,4.261982440948486,R-like
gromacs_full,35,175.0,25,35,175.0,0.175,4.434475898742676,R-like
gromacs_full,36,180.0,23,36,180.0,0.18,4.171462535858154,R-like
gromacs_full,37,185.0,25,37,185.0,0.185,4.299373626708984,R-like
gromacs_full,38,190.0,26,38,190.0,0.19,4.488483905792236,R-like
gromacs_full,39,195.0,26,39,195.0,0.195,4.439650058746338,S-like
gromacs_full,40,200.0,26,40,200.0,0.2,4.142959117889404,R-like
gromacs_full,41,205.0,27,41,205.0,0.205,4.213464736938477,R-like
gromacs_full,42,210.0,26,42,210.0,0.21,4.299635410308838,R-like
gromacs_full,43,215.0,26,43,215.0,0.215,4.204771518707275,R-like
gromacs_full,44,220.0,26,44,220.0,0.22,4.244864940643311,R-like
gromacs_full,45,225.0,26,45,225.0,0.225,4.225693702697754,R-like
gromacs_full,46,230.0,25,46,230.0,0.23,4.335954189300537,R-like
gromacs_full,47,235.0,25,47,235.0,0.235,4.3915696144104,R-like
gromacs_full,48,240.0,24,48,240.0,0.24,4.288286685943604,R-like
gromacs_full,49,245.0,27,49,245.0,0.245,4.253692150115967,R-like
gromacs_full,50,250.0,25,50,250.0,0.25,4.350296974182129,R-like
gromacs_full,51,255.0,27,51,255.0,0.255,4.074075698852539,S-like
gromacs_full,52,260.0,22,52,260.0,0.26,4.2694854736328125,R-like
gromacs_full,53,265.0,24,53,265.0,0.265,4.19080924987793,S-like
gromacs_full,54,270.0,23,54,270.0,0.27,4.422151565551758,R-like
gromacs_full,55,275.0,28,55,275.0,0.275,4.299302577972412,S-like
gromacs_full,56,280.0,22,56,280.0,0.28,4.354928970336914,R-like
gromacs_full,57,285.0,24,57,285.0,0.285,4.3326802253723145,R-like
gromacs_full,58,290.0,26,58,290.0,0.29,4.240232944488525,R-like
gromacs_full,59,295.0,26,59,295.0,0.295,4.335758686065674,R-like
gromacs_full,60,300.0,24,60,300.0,0.3,4.338538646697998,R-like
gromacs_full,61,305.0,24,61,305.0,0.305,4.2886271476745605,R-like
gromacs_full,62,310.0,19,62,310.0,0.31,4.197641372680664,R-like
gromacs_full,63,315.0,25,63,315.0,0.315,4.286743640899658,R-like
gromacs_full,64,320.0,24,64,320.0,0.32,4.280910968780518,R-like
gromacs_full,65,325.0,23,65,325.0,0.325,4.433274745941162,R-like
gromacs_full,66,330.0,25,66,330.0,0.33,4.250703811645508,R-like
gromacs_full,67,335.0,28,67,335.0,0.335,4.339426517486572,R-like
gromacs_full,68,340.0,23,68,340.0,0.34,4.263246536254883,R-like
gromacs_full,69,345.0,28,69,345.0,0.345,4.385998725891113,R-like
gromacs_full,70,350.0,29,70,350.0,0.35,4.275442123413086,R-like
gromacs_full,71,355.0,26,71,355.0,0.355,4.405123233795166,S-like
gromacs_full,72,360.0,26,72,360.0,0.36,4.294333457946777,S-like
gromacs_full,73,365.0,25,73,365.0,0.365,4.323216915130615,R-like
gromacs_full,74,370.0,28,74,370.0,0.37,4.41283655166626,R-like
gromacs_full,75,375.0,27,75,375.0,0.375,4.330136299133301,R-like
gromacs_full,76,380.0,25,76,380.0,0.38,4.372127532958984,R-like
gromacs_full,77,385.0,26,77,385.0,0.385,4.452884674072266,R-like
gromacs_full,78,390.0,21,78,390.0,0.39,4.27178955078125,R-like
gromacs_full,79,395.0,35,79,395.0,0.395,2.9257638454437256,R-like
gromacs_full,80,400.0,30,80,400.0,0.4,3.302637815475464,R-like
gromacs_full,81,405.0,33,81,405.0,0.405,3.174792051315308,R-like
gromacs_full,82,410.0,34,82,410.0,0.41,3.152696371078491,R-like
gromacs_full,83,415.0,35,83,415.0,0.415,3.041792631149292,R-like
gromacs_full,84,420.0,31,84,420.0,0.42,3.034487009048462,R-like
gromacs_full,85,425.0,27,85,425.0,0.425,3.107122898101806,R-like
gromacs_full,86,430.0,28,86,430.0,0.43,3.047722578048706,R-like
gromacs_full,87,435.0,33,87,435.0,0.435,3.239722728729248,R-like
gromacs_full,88,440.0,31,88,440.0,0.44,3.2437965869903564,R-like
gromacs_full,89,445.0,34,89,445.0,0.445,2.9389801025390625,S-like
gromacs_full,90,450.0,25,90,450.0,0.45,3.480429649353028,R-like
gromacs_full,91,455.0,30,91,455.0,0.455,3.113678216934204,S-like
gromacs_full,92,460.0,30,92,460.0,0.46,3.066528558731079,R-like
gromacs_full,93,465.0,36,93,465.0,0.465,3.00675892829895,S-like
gromacs_full,94,470.0,31,94,470.0,0.47,3.2112932205200195,R-like
gromacs_full,95,475.0,31,95,475.0,0.475,2.9793615341186523,S-like
gromacs_full,96,480.0,39,96,480.0,0.48,2.866421937942505,S-like
gromacs_full,97,485.0,33,97,485.0,0.485,3.1666066646575928,R-like
gromacs_full,98,490.0,34,98,490.0,0.49,2.952711820602417,R-like
gromacs_full,99,495.0,33,99,495.0,0.495,3.157989740371704,R-like
gromacs_full,100,500.0,27,100,500.0,0.5,3.12092924118042,R-like
gromacs_full,101,505.0,37,101,505.0,0.505,3.0202345848083496,R-like
gromacs_full,102,510.0,32,102,510.0,0.51,3.085012912750244,R-like
gromacs_full,103,515.0,31,103,515.0,0.515,3.231687307357788,R-like
gromacs_full,104,520.0,34,104,520.0,0.52,2.8419337272644043,S-like
gromacs_full,105,525.0,33,105,525.0,0.525,3.098052263259888,R-like
gromacs_full,106,530.0,31,106,530.0,0.53,3.1970765590667725,R-like
gromacs_full,107,535.0,39,107,535.0,0.535,2.9373650550842285,S-like
gromacs_full,108,540.0,31,108,540.0,0.54,3.114064693450928,R-like
gromacs_full,109,545.0,25,109,545.0,0.545,3.312009572982788,R-like
gromacs_full,110,550.0,33,110,550.0,0.55,2.920853614807129,R-like
gromacs_full,111,555.0,28,111,555.0,0.555,3.2203264236450195,R-like
gromacs_full,112,560.0,32,112,560.0,0.56,3.222203254699707,R-like
gromacs_full,113,565.0,30,113,565.0,0.565,3.818730592727661,R-like
gromacs_full,114,570.0,31,114,570.0,0.57,2.9996824264526367,R-like
gromacs_full,115,575.0,35,115,575.0,0.575,3.063234329223633,R-like
gromacs_full,116,580.0,35,116,580.0,0.58,3.197667360305786,R-like
gromacs_full,117,585.0,31,117,585.0,0.585,3.2755126953125,S-like
gromacs_full,118,590.0,34,118,590.0,0.59,2.977266550064087,R-like
gromacs_full,119,595.0,28,119,595.0,0.595,3.484952688217163,R-like
gromacs_full,120,600.0,31,120,600.0,0.6,3.277634620666504,R-like
gromacs_full,121,605.0,38,121,605.0,0.605,3.0844943523406982,R-like
gromacs_full,122,610.0,30,122,610.0,0.61,3.141032695770264,R-like
gromacs_full,123,615.0,32,123,615.0,0.615,3.232783079147339,R-like
gromacs_full,124,620.0,30,124,620.0,0.62,3.2551629543304443,S-like
gromacs_full,125,625.0,33,125,625.0,0.625,3.192509174346924,R-like
gromacs_full,126,630.0,32,126,630.0,0.63,3.1737349033355717,R-like
gromacs_full,127,635.0,34,127,635.0,0.635,3.04435396194458,R-like
gromacs_full,128,640.0,34,128,640.0,0.64,3.2803163528442383,R-like
gromacs_full,129,645.0,31,129,645.0,0.645,3.2465665340423584,R-like
gromacs_full,130,650.0,30,130,650.0,0.65,3.232414960861206,R-like
gromacs_full,131,655.0,34,131,655.0,0.655,3.4877631664276123,R-like
gromacs_full,132,660.0,36,132,660.0,0.66,3.5060834884643555,S-like
gromacs_full,133,665.0,37,133,665.0,0.665,3.2502758502960205,S-like
gromacs_full,134,670.0,37,134,670.0,0.67,3.1960935592651367,R-like
gromacs_full,135,675.0,35,135,675.0,0.675,3.1857831478118896,S-like
gromacs_full,136,680.0,35,136,680.0,0.68,3.055436134338379,R-like
gromacs_full,137,685.0,34,137,685.0,0.685,3.145965576171875,R-like
gromacs_full,138,690.0,32,138,690.0,0.69,3.251630544662476,R-like
gromacs_full,139,695.0,30,139,695.0,0.695,3.2136733531951904,R-like
gromacs_full,140,700.0,34,140,700.0,0.7,3.1298036575317383,R-like
gromacs_full,141,705.0,28,141,705.0,0.705,3.287095546722412,R-like
gromacs_full,142,710.0,32,142,710.0,0.71,3.217657327651977,R-like
gromacs_full,143,715.0,36,143,715.0,0.715,3.042200088500977,R-like
gromacs_full,144,720.0,35,144,720.0,0.72,2.993007183074951,R-like
gromacs_full,145,725.0,26,145,725.0,0.725,3.1821532249450684,R-like
gromacs_full,146,730.0,36,146,730.0,0.73,3.033499002456665,R-like
gromacs_full,147,735.0,34,147,735.0,0.735,2.8894975185394287,R-like
gromacs_full,148,740.0,38,148,740.0,0.74,3.1333670616149902,R-like
gromacs_full,149,745.0,30,149,745.0,0.745,3.227083444595337,R-like
gromacs_full,150,750.0,34,150,750.0,0.75,3.2259249687194824,R-like
gromacs_full,151,755.0,33,151,755.0,0.755,3.097839117050171,R-like
gromacs_full,152,760.0,37,152,760.0,0.76,3.080487012863159,S-like
gromacs_full,153,765.0,32,153,765.0,0.765,3.131354808807373,R-like
gromacs_full,154,770.0,33,154,770.0,0.77,3.130769729614258,R-like
gromacs_full,155,775.0,34,155,775.0,0.775,2.986921787261963,R-like
gromacs_full,156,780.0,30,156,780.0,0.78,3.03455138206482,R-like
gromacs_full,157,785.0,36,157,785.0,0.785,3.0334997177124023,S-like
gromacs_full,158,790.0,37,158,790.0,0.79,2.9156978130340576,R-like
gromacs_full,159,795.0,36,159,795.0,0.795,3.1583056449890137,R-like
gromacs_full,160,800.0,37,160,800.0,0.8,3.054769515991211,R-like
gromacs_full,161,805.0,37,161,805.0,0.805,3.007824420928955,R-like
gromacs_full,162,810.0,31,162,810.0,0.81,3.162959337234497,R-like
gromacs_full,163,815.0,34,163,815.0,0.815,3.055176258087158,R-like
gromacs_full,164,820.0,37,164,820.0,0.82,3.0790903568267822,R-like
gromacs_full,165,825.0,34,165,825.0,0.825,3.044567823410034,R-like
gromacs_full,166,830.0,35,166,830.0,0.83,2.9185445308685303,R-like
gromacs_full,167,835.0,37,167,835.0,0.835,2.9032745361328125,R-like
gromacs_full,168,840.0,35,168,840.0,0.84,3.130652666091919,R-like
gromacs_full,169,845.0,32,169,845.0,0.845,3.312657594680786,R-like
gromacs_full,170,850.0,36,170,850.0,0.85,3.1768229007720947,R-like
gromacs_full,171,855.0,31,171,855.0,0.855,3.4012343883514404,R-like
gromacs_full,172,860.0,34,172,860.0,0.86,3.245598077774048,R-like
gromacs_full,173,865.0,34,173,865.0,0.865,2.9882967472076416,R-like
gromacs_full,174,870.0,33,174,870.0,0.87,2.8979666233062744,R-like
gromacs_full,175,875.0,36,175,875.0,0.875,3.064849376678467,R-like
gromacs_full,176,880.0,38,176,880.0,0.88,2.980870246887207,R-like
gromacs_full,177,885.0,37,177,885.0,0.885,2.9817793369293213,R-like
gromacs_full,178,890.0,33,178,890.0,0.89,3.222331523895264,R-like
gromacs_full,179,895.0,34,179,895.0,0.895,3.0540621280670166,R-like
gromacs_full,180,900.0,36,180,900.0,0.9,3.071709394454956,R-like
gromacs_full,181,905.0,31,181,905.0,0.905,3.0428450107574463,S-like
gromacs_full,182,910.0,36,182,910.0,0.91,3.0186774730682373,R-like
gromacs_full,183,915.0,31,183,915.0,0.915,3.1077663898468018,R-like
gromacs_full,184,920.0,35,184,920.0,0.92,3.16949200630188,R-like
gromacs_full,185,925.0,32,185,925.0,0.925,3.102818965911865,R-like
gromacs_full,186,930.0,35,186,930.0,0.93,3.0186257362365723,R-like
gromacs_full,187,935.0,36,187,935.0,0.935,3.0850789546966557,R-like
gromacs_full,188,940.0,35,188,940.0,0.94,3.207023859024048,R-like
gromacs_full,189,945.0,36,189,945.0,0.945,3.315993070602417,R-like
gromacs_full,190,950.0,34,190,950.0,0.95,3.369662046432495,R-like
gromacs_full,191,955.0,29,191,955.0,0.955,3.226809024810791,R-like
gromacs_full,192,960.0,38,192,960.0,0.96,3.2827110290527344,R-like
gromacs_full,193,965.0,31,193,965.0,0.965,3.5122342109680176,R-like
gromacs_full,194,970.0,38,194,970.0,0.97,2.928635358810425,R-like
gromacs_full,195,975.0,34,195,975.0,0.975,3.013005495071411,R-like
gromacs_full,196,980.0,33,196,980.0,0.98,3.294755697250366,R-like
gromacs_full,197,985.0,29,197,985.0,0.985,3.3933167457580566,R-like
gromacs_full,198,990.0,33,198,990.0,0.99,3.122022151947021,R-like
gromacs_full,199,995.0,28,199,995.0,0.995,3.26425838470459,R-like
